{
  "aggregate_score": 0.8864434957504272,
  "ptm": 0.9470071196556091,
  "iptm": 0.8713025450706482,
  "per_chain_ptm": [
    [
      0.9409715533256531,
      0.31206071376800537
    ]
  ],
  "per_chain_pair_iptm": [
    [
      [
        0.9409715533256531,
        0.18408367037773132
      ],
      [
        0.8713025450706482,
        0.31206071376800537
      ]
    ]
  ],
  "has_inter_chain_clashes": false,
  "chain_chain_clashes": [
    [
      [
        0,
        0
      ],
      [
        0,
        0
      ]
    ]
  ]
}