{
  "aggregate_score": 0.8466292023658752,
  "ptm": 0.9363800287246704,
  "iptm": 0.8241915106773376,
  "per_chain_ptm": [
    [
      0.9296351671218872,
      0.30809149146080017
    ]
  ],
  "per_chain_pair_iptm": [
    [
      [
        0.9296351671218872,
        0.14438346028327942
      ],
      [
        0.8241915106773376,
        0.30809149146080017
      ]
    ]
  ],
  "has_inter_chain_clashes": false,
  "chain_chain_clashes": [
    [
      [
        0,
        0
      ],
      [
        0,
        0
      ]
    ]
  ]
}