{
  "aggregate_score": 0.8732805848121643,
  "ptm": 0.941601037979126,
  "iptm": 0.8562004566192627,
  "per_chain_ptm": [
    [
      0.935188889503479,
      0.31069469451904297
    ]
  ],
  "per_chain_pair_iptm": [
    [
      [
        0.935188889503479,
        0.17180725932121277
      ],
      [
        0.8562004566192627,
        0.31069469451904297
      ]
    ]
  ],
  "has_inter_chain_clashes": false,
  "chain_chain_clashes": [
    [
      [
        0,
        0
      ],
      [
        0,
        0
      ]
    ]
  ]
}