{
  "aggregate_score": 0.8736281991004944,
  "ptm": 0.9414239525794983,
  "iptm": 0.8566792011260986,
  "per_chain_ptm": [
    [
      0.9350098371505737,
      0.31078869104385376
    ]
  ],
  "per_chain_pair_iptm": [
    [
      [
        0.9350098371505737,
        0.1731843650341034
      ],
      [
        0.8566792011260986,
        0.31078869104385376
      ]
    ]
  ],
  "has_inter_chain_clashes": false,
  "chain_chain_clashes": [
    [
      [
        0,
        0
      ],
      [
        0,
        0
      ]
    ]
  ]
}