{
  "aggregate_score": 0.8735977411270142,
  "ptm": 0.9419193267822266,
  "iptm": 0.8565173149108887,
  "per_chain_ptm": [
    [
      0.9355801939964294,
      0.31078970432281494
    ]
  ],
  "per_chain_pair_iptm": [
    [
      [
        0.9355801939964294,
        0.17306376993656158
      ],
      [
        0.8565173149108887,
        0.31078970432281494
      ]
    ]
  ],
  "has_inter_chain_clashes": false,
  "chain_chain_clashes": [
    [
      [
        0,
        0
      ],
      [
        0,
        0
      ]
    ]
  ]
}