{
  "aggregate_score": 0.8238880634307861,
  "ptm": 0.9349507689476013,
  "iptm": 0.7961223721504211,
  "per_chain_ptm": [
    [
      0.9284990429878235,
      0.305951327085495
    ]
  ],
  "per_chain_pair_iptm": [
    [
      [
        0.9284990429878235,
        0.12648680806159973
      ],
      [
        0.7961223721504211,
        0.305951327085495
      ]
    ]
  ],
  "has_inter_chain_clashes": false,
  "chain_chain_clashes": [
    [
      [
        0,
        0
      ],
      [
        0,
        0
      ]
    ]
  ]
}