{
  "aggregate_score": 0.8200302124023438,
  "ptm": 0.9346525073051453,
  "iptm": 0.7913745641708374,
  "per_chain_ptm": [
    [
      0.928173303604126,
      0.3058583438396454
    ]
  ],
  "per_chain_pair_iptm": [
    [
      [
        0.928173303604126,
        0.1277322620153427
      ],
      [
        0.7913745641708374,
        0.3058583438396454
      ]
    ]
  ],
  "has_inter_chain_clashes": false,
  "chain_chain_clashes": [
    [
      [
        0,
        0
      ],
      [
        0,
        0
      ]
    ]
  ]
}