{
  "aggregate_score": 0.8193411231040955,
  "ptm": 0.9349905252456665,
  "iptm": 0.7904286980628967,
  "per_chain_ptm": [
    [
      0.9286451935768127,
      0.30566027760505676
    ]
  ],
  "per_chain_pair_iptm": [
    [
      [
        0.9286451935768127,
        0.12628738582134247
      ],
      [
        0.7904286980628967,
        0.30566027760505676
      ]
    ]
  ],
  "has_inter_chain_clashes": false,
  "chain_chain_clashes": [
    [
      [
        0,
        0
      ],
      [
        0,
        0
      ]
    ]
  ]
}