{
  "aggregate_score": 0.8241512775421143,
  "ptm": 0.9345950484275818,
  "iptm": 0.7965402603149414,
  "per_chain_ptm": [
    [
      0.9281226992607117,
      0.3059534430503845
    ]
  ],
  "per_chain_pair_iptm": [
    [
      [
        0.9281226992607117,
        0.12658151984214783
      ],
      [
        0.7965402603149414,
        0.3059534430503845
      ]
    ]
  ],
  "has_inter_chain_clashes": false,
  "chain_chain_clashes": [
    [
      [
        0,
        0
      ],
      [
        0,
        0
      ]
    ]
  ]
}