{
  "aggregate_score": 0.8238680362701416,
  "ptm": 0.9350932836532593,
  "iptm": 0.7960617542266846,
  "per_chain_ptm": [
    [
      0.9286732077598572,
      0.30568280816078186
    ]
  ],
  "per_chain_pair_iptm": [
    [
      [
        0.9286732077598572,
        0.12672318518161774
      ],
      [
        0.7960617542266846,
        0.30568280816078186
      ]
    ]
  ],
  "has_inter_chain_clashes": false,
  "chain_chain_clashes": [
    [
      [
        0,
        0
      ],
      [
        0,
        0
      ]
    ]
  ]
}