{
  "aggregate_score": 0.8229284286499023,
  "ptm": 0.937506377696991,
  "iptm": 0.794283926486969,
  "per_chain_ptm": [
    [
      0.9314022064208984,
      0.30531495809555054
    ]
  ],
  "per_chain_pair_iptm": [
    [
      [
        0.9314022064208984,
        0.12641605734825134
      ],
      [
        0.794283926486969,
        0.30531495809555054
      ]
    ]
  ],
  "has_inter_chain_clashes": false,
  "chain_chain_clashes": [
    [
      [
        0,
        0
      ],
      [
        0,
        0
      ]
    ]
  ]
}