{
  "aggregate_score": 0.8183521628379822,
  "ptm": 0.9371482729911804,
  "iptm": 0.7886530756950378,
  "per_chain_ptm": [
    [
      0.9309641122817993,
      0.3053186535835266
    ]
  ],
  "per_chain_pair_iptm": [
    [
      [
        0.9309641122817993,
        0.12756307423114777
      ],
      [
        0.7886530756950378,
        0.3053186535835266
      ]
    ]
  ],
  "has_inter_chain_clashes": false,
  "chain_chain_clashes": [
    [
      [
        0,
        0
      ],
      [
        0,
        0
      ]
    ]
  ]
}