{
  "aggregate_score": 0.8183869123458862,
  "ptm": 0.9372522830963135,
  "iptm": 0.788670539855957,
  "per_chain_ptm": [
    [
      0.9312719106674194,
      0.30483731627464294
    ]
  ],
  "per_chain_pair_iptm": [
    [
      [
        0.9312719106674194,
        0.12485034018754959
      ],
      [
        0.788670539855957,
        0.30483731627464294
      ]
    ]
  ],
  "has_inter_chain_clashes": false,
  "chain_chain_clashes": [
    [
      [
        0,
        0
      ],
      [
        0,
        0
      ]
    ]
  ]
}