{
  "aggregate_score": 0.8178945779800415,
  "ptm": 0.9371758103370667,
  "iptm": 0.788074254989624,
  "per_chain_ptm": [
    [
      0.9311538338661194,
      0.30522963404655457
    ]
  ],
  "per_chain_pair_iptm": [
    [
      [
        0.9311538338661194,
        0.1247967779636383
      ],
      [
        0.788074254989624,
        0.30522963404655457
      ]
    ]
  ],
  "has_inter_chain_clashes": false,
  "chain_chain_clashes": [
    [
      [
        0,
        0
      ],
      [
        0,
        0
      ]
    ]
  ]
}