{
  "aggregate_score": 0.8184975385665894,
  "ptm": 0.9364635944366455,
  "iptm": 0.7890060544013977,
  "per_chain_ptm": [
    [
      0.930273711681366,
      0.30474889278411865
    ]
  ],
  "per_chain_pair_iptm": [
    [
      [
        0.930273711681366,
        0.1257845163345337
      ],
      [
        0.7890060544013977,
        0.30474889278411865
      ]
    ]
  ],
  "has_inter_chain_clashes": false,
  "chain_chain_clashes": [
    [
      [
        0,
        0
      ],
      [
        0,
        0
      ]
    ]
  ]
}