{
  "aggregate_score": 0.8448852300643921,
  "ptm": 0.9447930455207825,
  "iptm": 0.8199082016944885,
  "per_chain_ptm": [
    [
      0.939281165599823,
      0.3070802390575409
    ]
  ],
  "per_chain_pair_iptm": [
    [
      [
        0.939281165599823,
        0.16835667192935944
      ],
      [
        0.8199082016944885,
        0.3070802390575409
      ]
    ]
  ],
  "has_inter_chain_clashes": false,
  "chain_chain_clashes": [
    [
      [
        0,
        0
      ],
      [
        0,
        0
      ]
    ]
  ]
}