{
  "aggregate_score": 0.8443734049797058,
  "ptm": 0.9447502493858337,
  "iptm": 0.8192791938781738,
  "per_chain_ptm": [
    [
      0.9392389059066772,
      0.3070797920227051
    ]
  ],
  "per_chain_pair_iptm": [
    [
      [
        0.9392389059066772,
        0.16678325831890106
      ],
      [
        0.8192791938781738,
        0.3070797920227051
      ]
    ]
  ],
  "has_inter_chain_clashes": false,
  "chain_chain_clashes": [
    [
      [
        0,
        0
      ],
      [
        0,
        0
      ]
    ]
  ]
}