{
  "aggregate_score": 0.8471595048904419,
  "ptm": 0.936516284942627,
  "iptm": 0.824820339679718,
  "per_chain_ptm": [
    [
      0.9298323392868042,
      0.30800682306289673
    ]
  ],
  "per_chain_pair_iptm": [
    [
      [
        0.9298323392868042,
        0.14525003731250763
      ],
      [
        0.824820339679718,
        0.30800682306289673
      ]
    ]
  ],
  "has_inter_chain_clashes": false,
  "chain_chain_clashes": [
    [
      [
        0,
        0
      ],
      [
        0,
        0
      ]
    ]
  ]
}