{
  "aggregate_score": 0.8438783884048462,
  "ptm": 0.9378114342689514,
  "iptm": 0.8203951120376587,
  "per_chain_ptm": [
    [
      0.9313717484474182,
      0.3076229393482208
    ]
  ],
  "per_chain_pair_iptm": [
    [
      [
        0.9313717484474182,
        0.128463476896286
      ],
      [
        0.8203951120376587,
        0.3076229393482208
      ]
    ]
  ],
  "has_inter_chain_clashes": false,
  "chain_chain_clashes": [
    [
      [
        0,
        0
      ],
      [
        0,
        0
      ]
    ]
  ]
}