{
  "aggregate_score": 0.8723856210708618,
  "ptm": 0.9416800141334534,
  "iptm": 0.8550620079040527,
  "per_chain_ptm": [
    [
      0.9352292418479919,
      0.31068021059036255
    ]
  ],
  "per_chain_pair_iptm": [
    [
      [
        0.9352292418479919,
        0.17420177161693573
      ],
      [
        0.8550620079040527,
        0.31068021059036255
      ]
    ]
  ],
  "has_inter_chain_clashes": false,
  "chain_chain_clashes": [
    [
      [
        0,
        0
      ],
      [
        0,
        0
      ]
    ]
  ]
}