{
  "aggregate_score": 0.8853064775466919,
  "ptm": 0.9430631995201111,
  "iptm": 0.8708673119544983,
  "per_chain_ptm": [
    [
      0.9365954399108887,
      0.31197112798690796
    ]
  ],
  "per_chain_pair_iptm": [
    [
      [
        0.9365954399108887,
        0.18691386282444
      ],
      [
        0.8708673119544983,
        0.31197112798690796
      ]
    ]
  ],
  "has_inter_chain_clashes": false,
  "chain_chain_clashes": [
    [
      [
        0,
        0
      ],
      [
        0,
        0
      ]
    ]
  ]
}