{
  "aggregate_score": 0.8437981009483337,
  "ptm": 0.9376727938652039,
  "iptm": 0.8203293681144714,
  "per_chain_ptm": [
    [
      0.9312695860862732,
      0.3072463274002075
    ]
  ],
  "per_chain_pair_iptm": [
    [
      [
        0.9312695860862732,
        0.13025866448879242
      ],
      [
        0.8203293681144714,
        0.3072463274002075
      ]
    ]
  ],
  "has_inter_chain_clashes": false,
  "chain_chain_clashes": [
    [
      [
        0,
        0
      ],
      [
        0,
        0
      ]
    ]
  ]
}