{
  "aggregate_score": 0.8449075818061829,
  "ptm": 0.9377914667129517,
  "iptm": 0.8216865658760071,
  "per_chain_ptm": [
    [
      0.9313429594039917,
      0.30734384059906006
    ]
  ],
  "per_chain_pair_iptm": [
    [
      [
        0.9313429594039917,
        0.13021522760391235
      ],
      [
        0.8216865658760071,
        0.30734384059906006
      ]
    ]
  ],
  "has_inter_chain_clashes": false,
  "chain_chain_clashes": [
    [
      [
        0,
        0
      ],
      [
        0,
        0
      ]
    ]
  ]
}