{
  "aggregate_score": 0.8442097306251526,
  "ptm": 0.9378871321678162,
  "iptm": 0.8207903504371643,
  "per_chain_ptm": [
    [
      0.9314203262329102,
      0.3076329231262207
    ]
  ],
  "per_chain_pair_iptm": [
    [
      [
        0.9314203262329102,
        0.12929470837116241
      ],
      [
        0.8207903504371643,
        0.3076329231262207
      ]
    ]
  ],
  "has_inter_chain_clashes": false,
  "chain_chain_clashes": [
    [
      [
        0,
        0
      ],
      [
        0,
        0
      ]
    ]
  ]
}