{
  "aggregate_score": 0.8449910283088684,
  "ptm": 0.9378518462181091,
  "iptm": 0.8217757940292358,
  "per_chain_ptm": [
    [
      0.931422233581543,
      0.3076217472553253
    ]
  ],
  "per_chain_pair_iptm": [
    [
      [
        0.931422233581543,
        0.12837493419647217
      ],
      [
        0.8217757940292358,
        0.3076217472553253
      ]
    ]
  ],
  "has_inter_chain_clashes": false,
  "chain_chain_clashes": [
    [
      [
        0,
        0
      ],
      [
        0,
        0
      ]
    ]
  ]
}