{
  "aggregate_score": 0.8096831440925598,
  "ptm": 0.9353321194648743,
  "iptm": 0.7782709002494812,
  "per_chain_ptm": [
    [
      0.9299936294555664,
      0.30534660816192627
    ]
  ],
  "per_chain_pair_iptm": [
    [
      [
        0.9299936294555664,
        0.11633152514696121
      ],
      [
        0.7782709002494812,
        0.30534660816192627
      ]
    ]
  ],
  "has_inter_chain_clashes": false,
  "chain_chain_clashes": [
    [
      [
        0,
        0
      ],
      [
        0,
        0
      ]
    ]
  ]
}