{
  "aggregate_score": 0.8092249631881714,
  "ptm": 0.9359407424926758,
  "iptm": 0.7775459885597229,
  "per_chain_ptm": [
    [
      0.9306113123893738,
      0.3052878975868225
    ]
  ],
  "per_chain_pair_iptm": [
    [
      [
        0.9306113123893738,
        0.1178775355219841
      ],
      [
        0.7775459885597229,
        0.3052878975868225
      ]
    ]
  ],
  "has_inter_chain_clashes": false,
  "chain_chain_clashes": [
    [
      [
        0,
        0
      ],
      [
        0,
        0
      ]
    ]
  ]
}