{
  "aggregate_score": 0.8090826272964478,
  "ptm": 0.9356809854507446,
  "iptm": 0.7774330377578735,
  "per_chain_ptm": [
    [
      0.9303842782974243,
      0.30546218156814575
    ]
  ],
  "per_chain_pair_iptm": [
    [
      [
        0.9303842782974243,
        0.11807669699192047
      ],
      [
        0.7774330377578735,
        0.30546218156814575
      ]
    ]
  ],
  "has_inter_chain_clashes": false,
  "chain_chain_clashes": [
    [
      [
        0,
        0
      ],
      [
        0,
        0
      ]
    ]
  ]
}