{
  "aggregate_score": 0.8093067407608032,
  "ptm": 0.9354081749916077,
  "iptm": 0.7777813673019409,
  "per_chain_ptm": [
    [
      0.9300166964530945,
      0.30508217215538025
    ]
  ],
  "per_chain_pair_iptm": [
    [
      [
        0.9300166964530945,
        0.11753933131694794
      ],
      [
        0.7777813673019409,
        0.30508217215538025
      ]
    ]
  ],
  "has_inter_chain_clashes": false,
  "chain_chain_clashes": [
    [
      [
        0,
        0
      ],
      [
        0,
        0
      ]
    ]
  ]
}