{
  "aggregate_score": 0.8097615242004395,
  "ptm": 0.9353793859481812,
  "iptm": 0.7783569693565369,
  "per_chain_ptm": [
    [
      0.9299618601799011,
      0.30547264218330383
    ]
  ],
  "per_chain_pair_iptm": [
    [
      [
        0.9299618601799011,
        0.11640683561563492
      ],
      [
        0.7783569693565369,
        0.30547264218330383
      ]
    ]
  ],
  "has_inter_chain_clashes": false,
  "chain_chain_clashes": [
    [
      [
        0,
        0
      ],
      [
        0,
        0
      ]
    ]
  ]
}