{
  "aggregate_score": 0.8467813730239868,
  "ptm": 0.9363517761230469,
  "iptm": 0.8243887424468994,
  "per_chain_ptm": [
    [
      0.9296618103981018,
      0.3080090582370758
    ]
  ],
  "per_chain_pair_iptm": [
    [
      [
        0.9296618103981018,
        0.14455367624759674
      ],
      [
        0.8243887424468994,
        0.3080090582370758
      ]
    ]
  ],
  "has_inter_chain_clashes": false,
  "chain_chain_clashes": [
    [
      [
        0,
        0
      ],
      [
        0,
        0
      ]
    ]
  ]
}