{
  "aggregate_score": 0.8471595048904419,
  "ptm": 0.9368599653244019,
  "iptm": 0.8247343301773071,
  "per_chain_ptm": [
    [
      0.9301859736442566,
      0.3079082667827606
    ]
  ],
  "per_chain_pair_iptm": [
    [
      [
        0.9301859736442566,
        0.14529265463352203
      ],
      [
        0.8247343301773071,
        0.3079082667827606
      ]
    ]
  ],
  "has_inter_chain_clashes": false,
  "chain_chain_clashes": [
    [
      [
        0,
        0
      ],
      [
        0,
        0
      ]
    ]
  ]
}