{
  "aggregate_score": 0.846650242805481,
  "ptm": 0.9368703961372375,
  "iptm": 0.8240951895713806,
  "per_chain_ptm": [
    [
      0.9303143620491028,
      0.3080035150051117
    ]
  ],
  "per_chain_pair_iptm": [
    [
      [
        0.9303143620491028,
        0.14508898556232452
      ],
      [
        0.8240951895713806,
        0.3080035150051117
      ]
    ]
  ],
  "has_inter_chain_clashes": false,
  "chain_chain_clashes": [
    [
      [
        0,
        0
      ],
      [
        0,
        0
      ]
    ]
  ]
}