{
  "aggregate_score": 0.8863058090209961,
  "ptm": 0.9469930529594421,
  "iptm": 0.8711340427398682,
  "per_chain_ptm": [
    [
      0.9409794807434082,
      0.31215330958366394
    ]
  ],
  "per_chain_pair_iptm": [
    [
      [
        0.9409794807434082,
        0.18648001551628113
      ],
      [
        0.8711340427398682,
        0.31215330958366394
      ]
    ]
  ],
  "has_inter_chain_clashes": false,
  "chain_chain_clashes": [
    [
      [
        0,
        0
      ],
      [
        0,
        0
      ]
    ]
  ]
}