{
  "aggregate_score": 0.8864508867263794,
  "ptm": 0.9469289779663086,
  "iptm": 0.8713313937187195,
  "per_chain_ptm": [
    [
      0.9409632682800293,
      0.3120584189891815
    ]
  ],
  "per_chain_pair_iptm": [
    [
      [
        0.9409632682800293,
        0.18773765861988068
      ],
      [
        0.8713313937187195,
        0.3120584189891815
      ]
    ]
  ],
  "has_inter_chain_clashes": false,
  "chain_chain_clashes": [
    [
      [
        0,
        0
      ],
      [
        0,
        0
      ]
    ]
  ]
}