{
  "aggregate_score": 0.8445854783058167,
  "ptm": 0.9445894360542297,
  "iptm": 0.8195844888687134,
  "per_chain_ptm": [
    [
      0.9391472339630127,
      0.30726510286331177
    ]
  ],
  "per_chain_pair_iptm": [
    [
      [
        0.9391472339630127,
        0.1662639081478119
      ],
      [
        0.8195844888687134,
        0.30726510286331177
      ]
    ]
  ],
  "has_inter_chain_clashes": false,
  "chain_chain_clashes": [
    [
      [
        0,
        0
      ],
      [
        0,
        0
      ]
    ]
  ]
}