{
  "aggregate_score": 0.8730418086051941,
  "ptm": 0.9411906599998474,
  "iptm": 0.856004536151886,
  "per_chain_ptm": [
    [
      0.9347320795059204,
      0.31059587001800537
    ]
  ],
  "per_chain_pair_iptm": [
    [
      [
        0.9347320795059204,
        0.1732785552740097
      ],
      [
        0.856004536151886,
        0.31059587001800537
      ]
    ]
  ],
  "has_inter_chain_clashes": false,
  "chain_chain_clashes": [
    [
      [
        0,
        0
      ],
      [
        0,
        0
      ]
    ]
  ]
}