{
  "aggregate_score": 0.8852322101593018,
  "ptm": 0.9432784914970398,
  "iptm": 0.8707205653190613,
  "per_chain_ptm": [
    [
      0.936832070350647,
      0.31177929043769836
    ]
  ],
  "per_chain_pair_iptm": [
    [
      [
        0.936832070350647,
        0.18423061072826385
      ],
      [
        0.8707205653190613,
        0.31177929043769836
      ]
    ]
  ],
  "has_inter_chain_clashes": false,
  "chain_chain_clashes": [
    [
      [
        0,
        0
      ],
      [
        0,
        0
      ]
    ]
  ]
}