{
  "aggregate_score": 0.8854494094848633,
  "ptm": 0.9433898329734802,
  "iptm": 0.8709642887115479,
  "per_chain_ptm": [
    [
      0.9369007349014282,
      0.31206822395324707
    ]
  ],
  "per_chain_pair_iptm": [
    [
      [
        0.9369007349014282,
        0.18560706079006195
      ],
      [
        0.8709642887115479,
        0.31206822395324707
      ]
    ]
  ],
  "has_inter_chain_clashes": false,
  "chain_chain_clashes": [
    [
      [
        0,
        0
      ],
      [
        0,
        0
      ]
    ]
  ]
}