{
  "aggregate_score": 0.8848377466201782,
  "ptm": 0.943284273147583,
  "iptm": 0.8702260851860046,
  "per_chain_ptm": [
    [
      0.9368141293525696,
      0.31206631660461426
    ]
  ],
  "per_chain_pair_iptm": [
    [
      [
        0.9368141293525696,
        0.18498413264751434
      ],
      [
        0.8702260851860046,
        0.31206631660461426
      ]
    ]
  ],
  "has_inter_chain_clashes": false,
  "chain_chain_clashes": [
    [
      [
        0,
        0
      ],
      [
        0,
        0
      ]
    ]
  ]
}