{
  "aggregate_score": 0.844569742679596,
  "ptm": 0.9445602297782898,
  "iptm": 0.8195720911026001,
  "per_chain_ptm": [
    [
      0.9391165971755981,
      0.3071618676185608
    ]
  ],
  "per_chain_pair_iptm": [
    [
      [
        0.9391165971755981,
        0.1677846908569336
      ],
      [
        0.8195720911026001,
        0.3071618676185608
      ]
    ]
  ],
  "has_inter_chain_clashes": false,
  "chain_chain_clashes": [
    [
      [
        0,
        0
      ],
      [
        0,
        0
      ]
    ]
  ]
}