{
  "aggregate_score": 0.8445532321929932,
  "ptm": 0.9448519945144653,
  "iptm": 0.8194785118103027,
  "per_chain_ptm": [
    [
      0.9394022226333618,
      0.30706799030303955
    ]
  ],
  "per_chain_pair_iptm": [
    [
      [
        0.9394022226333618,
        0.16735902428627014
      ],
      [
        0.8194785118103027,
        0.30706799030303955
      ]
    ]
  ],
  "has_inter_chain_clashes": false,
  "chain_chain_clashes": [
    [
      [
        0,
        0
      ],
      [
        0,
        0
      ]
    ]
  ]
}