{
  "aggregate_score": 0.8851760029792786,
  "ptm": 0.9429365992546082,
  "iptm": 0.8707358241081238,
  "per_chain_ptm": [
    [
      0.9364537596702576,
      0.312064528465271
    ]
  ],
  "per_chain_pair_iptm": [
    [
      [
        0.9364537596702576,
        0.18609759211540222
      ],
      [
        0.8707358241081238,
        0.312064528465271
      ]
    ]
  ],
  "has_inter_chain_clashes": false,
  "chain_chain_clashes": [
    [
      [
        0,
        0
      ],
      [
        0,
        0
      ]
    ]
  ]
}