{
  "aggregate_score": 0.8865799903869629,
  "ptm": 0.9469051361083984,
  "iptm": 0.8714986443519592,
  "per_chain_ptm": [
    [
      0.9409175515174866,
      0.3120533525943756
    ]
  ],
  "per_chain_pair_iptm": [
    [
      [
        0.9409175515174866,
        0.18354594707489014
      ],
      [
        0.8714986443519592,
        0.3120533525943756
      ]
    ]
  ],
  "has_inter_chain_clashes": false,
  "chain_chain_clashes": [
    [
      [
        0,
        0
      ],
      [
        0,
        0
      ]
    ]
  ]
}