{
  "aggregate_score": 0.8868891000747681,
  "ptm": 0.9468244910240173,
  "iptm": 0.8719052076339722,
  "per_chain_ptm": [
    [
      0.940801739692688,
      0.3118746876716614
    ]
  ],
  "per_chain_pair_iptm": [
    [
      [
        0.940801739692688,
        0.18668308854103088
      ],
      [
        0.8719052076339722,
        0.3118746876716614
      ]
    ]
  ],
  "has_inter_chain_clashes": false,
  "chain_chain_clashes": [
    [
      [
        0,
        0
      ],
      [
        0,
        0
      ]
    ]
  ]
}